sleep_duration,sleep_efficiency,sleep_latency,awakenings,caffeine_mg,exercise_min,screen_time,stress_level,HRV,sleep_quality
8.3,77,18,0,172,38,59,9,26.3,Bad
??,200,,,-20,none,-30,stressed,9999,
3.1,76,32,2,98,85,38,5,50.2,Bad
6.0,79,0,1,73,36,82,5,51.3,Bad
6.3,90,33,0,146,66,52,4,70.2,Bad
6.2,86,8,4,139,37,34,3,33.5,Bad
9.0,81,17,0,5,6,11,4,50.5,Bad
5.9,99,19,1,16,32,36,2,60.1,Bad
??,high,?,three,a lot,,tv,-1,-50,meh
6.8,77,10,2,61,46,41,3,29.9,Bad
4.5,95,35,0,0,34,36,3,65.5,Bad
6.8,76,19,1,75,14,13,1,36.0,Bad
5.5,96,26,3,85,15,47,6,47.8,Bad
5.4,90,24,1,6,23,20,4,63.8,Bad
9.2,87,16,0,19,45,21,4,78.2,Good
6.4,95,20,1,46,15,49,4,50.2,Bad
7.5,99,31,1,89,27,65,8,62.9,Bad
6.7,88,26,0,113,29,54,4,65.7,Good
7.1,83,5,0,160,0,28,5,84.2,Bad
7.5,100,17,1,11,33,64,4,94.2,Good
7.0,76,25,1,10,33,98,4,44.9,Bad
??,high,?,-1,,,,,unknown,?
10.1,85,20,0,98,27,48,9,43.4,Bad
5.8,84,21,1,66,38,86,1,68.7,Bad
7.7,73,30,0,96,49,77,2,53.7,Bad
8.0,71,16,0,96,48,70,5,43.1,Bad
4.8,81,21,1,122,0,31,4,45.3,Bad
7.3,91,11,1,39,8,44,1,43.2,Good
8.8,88,16,0,20,32,55,5,43.1,Good
7.6,88,15,1,150,33,38,3,58.4,Good
10.0,84,22,3,23,55,32,3,43.0,Bad
6.2,84,25,0,103,10,57,2,61.2,Bad
6.7,84,21,2,104,40,53,4,81.5,Bad
??,N/A,-5,-1,-20,none,-30,11,low,
8.8.8,high,?,none,coffee,1000,endless,-1,-50,Good
8.6,61,30,0,152,0,45,4,73.9,Bad
-3,N/A,late,three,coffee,1000,tv,,9999,meh
6.9,85,20,2,92,36,38,1,63.2,Good
7.6,76,15,3,113,31,57,6,55.1,Bad
8.6,91,22,1,50,13,69,5,59.4,Good
9.2,88,16,2,2,55,44,2,52.4,Good
10.3,96,22,1,144,9,13,5,51.9,Good
,high,?,none,5000,none,tv,high,low,meh
8.3,76,24,2,144,27,41,4,77.4,Bad
7.7,84,23,1,108,22,30,8,78.8,Bad
6.6,92,12,1,88,76,7,5,35.8,Good
,,?,three,coffee,none,endless,11,unknown,
seven,-10,?,three,,none,-30,11,low,?
seven,200,?,three,5000,,endless,high,low,Bad
8.2,81,0,0,214,6,14,6,32.6,Bad
9.5,81,20,0,108,18,47,9,58.6,Bad
8.8.8,200,3000,,coffee,-10,endless,11,,
7.1,100,11,3,214,39,63,2,81.1,Bad
-3,high,3000,100,-20,-10,tv,11,low,Bad
6.3,86,25,3,0,38,71,3,74.1,Bad
,N/A,3000,,coffee,-10,999,stressed,9999,Good
6.7,85,10,2,158,14,50,7,50.1,Bad
6.9,95,23,3,67,0,61,4,55.5,Bad
5.7,87,40,1,54,52,84,1,67.5,Bad
seven,high,?,100,coffee,1000,endless,stressed,,meh
7.8,93,14,2,106,41,41,4,40.8,Good
9.9,89,6,0,71,32,53,1,81.2,Good
,200,-5,-1,,,999,,-50,?
5.5,100,21,2,70,17,43,4,66.3,Bad
6.4,99,42,4,81,12,60,3,47.9,Bad
5.8,75,29,2,151,17,40,1,54.1,Bad
8.8.8,200,-5,-1,5000,none,,-1,-50,?
,N/A,?,-1,-20,,,11,,meh
8.5,82,14,1,132,0,32,5,48.4,Bad
-3,-10,late,none,5000,none,-30,,unknown,meh
7.4,99,28,3,46,7,44,2,36.5,Bad
8.8.8,-10,?,three,5000,1000,-30,-1,low,
-3,N/A,-5,,coffee,-10,,,,
7.0,78,22,1,138,48,36,5,102.2,Bad
7.5,89,17,1,100,30,46,5,39.7,Good
6.2,91,16,3,42,5,64,2,63.0,Bad
7.5,87,22,1,36,8,66,3,70.2,Good
5.8,84,11,2,44,18,53,4,62.1,Bad
??,200,,three,-20,??,999,11,low,?
7.5,82,33,1,141,28,38,1,65.4,Bad
,high,-5,none,5000,1000,tv,-1,unknown,Bad
seven,-10,late,none,-20,??,tv,,9999,meh
6.1,56,14,1,165,38,0,2,77.1,Bad
6.7,92,35,2,103,29,60,3,35.0,Good
,high,late,three,,,endless,11,,?
7.1,89,26,1,96,0,40,1,34.9,Good
6.1,100,23,2,56,33,61,3,47.4,Bad
5.6,83,25,3,93,34,36,6,49.7,Bad
7.0,75,15,3,134,62,47,2,40.0,Bad
9.5,81,15,0,76,19,29,3,44.5,Bad
6.2,82,4,2,88,43,46,4,45.5,Bad
-3,N/A,-5,three,5000,??,endless,,unknown,meh
7.1,83,18,4,137,21,62,4,41.3,Bad
6.6,86,30,2,113,34,33,2,70.4,Good
seven,200,-5,,5000,??,,-1,9999,
9.4,79,16,0,117,40,71,5,67.5,Bad
,N/A,?,,a lot,-10,,-1,unknown,Bad
6.8,94,36,2,165,10,45,3,24.0,Good
seven,,late,100,-20,none,-30,high,unknown,Bad
6.3,68,26,0,0,8,23,5,42.8,Bad
6.4,90,36,1,178,26,61,4,24.5,Bad
-3,high,,none,-20,,,11,low,Bad
7.6,93,30,1,176,22,28,2,67.4,Good
7.5,93,21,2,108,39,26,5,46.2,Good
7.7,88,21,2,158,23,5,2,55.6,Good
??,,?,100,a lot,1000,999,,,Bad
5.5,73,5,0,166,54,52,2,55.3,Bad
6.3,100,5,0,0,42,64,6,79.7,Bad
6.2,94,29,3,168,42,35,2,84.1,Bad
7.9,64,31,2,83,20,39,1,33.2,Bad
6.9,96,3,1,65,54,41,1,45.4,Good
seven,high,-5,100,,,endless,,-50,
6.9,95,18,2,65,46,0,2,63.2,Good
7.8,98,21,2,135,37,29,1,55.3,Good
7.7,81,23,0,66,0,70,2,70.8,Bad
6.2,95,16,0,79,35,60,3,42.6,Bad
6.5,78,16,1,79,0,58,4,58.7,Bad
7.3,77,0,2,159,48,48,6,65.9,Bad
6.8,93,18,3,80,8,0,4,69.1,Bad
7.7,91,12,4,104,7,46,6,82.9,Bad
7.9,92,10,1,171,23,54,2,61.0,Good
5.0,85,40,5,81,42,22,1,36.7,Bad
seven,high,-5,,-20,-10,tv,stressed,9999,Bad
8.4,92,28,0,78,50,62,1,72.3,Good
8.8.8,-10,late,-1,a lot,??,,high,low,?
6.3,76,13,2,73,31,53,3,45.1,Bad
8.5,83,28,1,136,36,45,3,58.7,Bad
seven,high,-5,,coffee,none,999,stressed,,Bad
6.9,79,36,1,192,24,28,4,55.1,Bad
6.8,80,9,2,17,55,28,1,56.1,Bad
7.4,95,19,0,55,0,12,3,51.8,Good
??,high,3000,-1,,none,,-1,,
6.5,82,29,1,145,15,19,3,55.4,Bad
6.8,77,30,0,182,22,34,2,58.4,Bad
4.2,80,11,4,0,17,81,5,52.7,Bad
4.5,100,11,0,120,52,24,5,44.2,Bad
8.2,80,26,0,90,8,50,3,67.3,Bad
8.5,77,24,1,138,0,24,3,41.3,Bad
7.1,84,43,1,159,44,47,6,67.8,Bad
6.4,68,6,1,103,60,32,2,85.5,Bad
7.2,84,20,0,76,13,56,3,36.1,Bad
7.8,85,0,0,96,43,61,3,58.9,Good
7.5,86,34,2,130,15,18,2,59.4,Good
7.2,89,9,2,133,36,29,3,64.9,Good
7.0,90,20,3,64,2,79,3,54.8,Bad
6.4,81,20,1,157,45,60,2,34.6,Bad
9.2,82,11,1,67,22,16,4,73.5,Bad
7.9,78,0,1,106,69,85,3,47.6,Bad
6.4,69,25,1,73,29,80,7,53.1,Bad
6.0,84,26,0,46,29,68,9,52.0,Bad
4.9,95,22,4,169,31,56,1,67.6,Bad
??,N/A,,-1,a lot,none,,stressed,9999,meh
7.4,76,15,3,153,2,60,3,51.7,Bad
-3,,?,100,-20,,-30,high,,meh
7.2,88,11,2,107,51,46,5,76.0,Good
,high,?,three,-20,1000,tv,high,-50,meh
8.4,67,8,2,113,43,28,3,57.6,Bad
7.6,100,27,0,87,22,41,5,75.2,Good
5.6,76,25,0,52,0,57,6,68.1,Bad
5.9,96,19,0,33,28,49,4,72.0,Bad
??,N/A,3000,-1,coffee,??,endless,11,-50,meh
4.9,97,10,2,67,84,39,6,54.9,Bad
7.8,86,1,2,164,26,56,4,50.7,Good
6.4,95,26,2,192,48,53,4,70.7,Bad
6.2,90,45,0,119,6,52,2,55.6,Bad
6.7,86,24,2,3,35,62,4,76.0,Good
6.0,83,29,2,113,42,28,5,50.5,Bad
5.8,74,32,2,75,52,29,7,37.0,Bad
-3,200,-5,,coffee,-10,999,,,
7.3,87,12,3,73,48,29,2,45.0,Bad
7.3,76,14,3,166,51,37,6,79.4,Bad
6.4,79,14,1,93,0,38,3,62.8,Bad
7.7,96,49,1,95,7,56,2,63.2,Good
4.5,84,31,2,90,23,59,4,30.2,Bad
9.1,82,32,0,148,43,22,3,59.9,Bad
7.6,83,26,0,176,35,65,2,52.1,Bad
8.8.8,high,-5,three,-20,none,endless,,low,meh
6.5,77,19,0,89,39,40,5,47.9,Bad
8.1,87,13,1,118,7,47,3,56.9,Good
7.4,97,32,2,127,42,53,5,39.5,Good
7.4,81,22,3,82,37,44,6,59.2,Bad
7.9,80,25,2,87,47,34,5,54.2,Bad
6.9,77,20,1,144,50,55,6,51.5,Bad
,N/A,-5,,coffee,1000,-30,-1,-50,
8.8.8,high,?,,a lot,??,,,-50,Bad
seven,,3000,100,,??,999,,unknown,?
4.5,83,17,2,80,0,37,3,58.0,Bad
7.4,78,10,1,104,0,39,1,71.7,Bad
7.4,84,22,1,113,27,43,4,64.5,Bad
8.1,87,4,3,90,28,55,1,57.6,Bad
9.3,82,29,0,155,10,17,2,72.9,Bad
7.3,93,19,1,122,19,41,3,48.8,Good
6.5,78,5,1,95,31,15,3,48.7,Bad
9.1,85,17,2,53,38,35,5,87.5,Good
6.2,90,0,0,103,17,41,4,67.9,Bad
-3,N/A,?,100,,,endless,stressed,,meh
8.3,71,26,1,166,37,66,8,75.4,Bad
8.7,70,25,0,209,20,63,7,73.1,Bad
7.6,92,14,0,0,47,29,4,43.2,Good
6.6,89,19,2,50,53,90,5,40.9,Good
seven,N/A,,100,coffee,??,-30,stressed,,?
4.6,83,14,2,51,35,45,5,43.3,Bad
7.6,100,18,1,105,23,38,5,75.5,Good
6.0,85,7,0,10,27,53,5,58.0,Bad
7.3,94,4,1,25,33,21,7,63.8,Bad
seven,,3000,100,5000,none,,-1,-50,meh
7.2,100,18,1,43,28,45,5,74.6,Good
5.6,81,15,3,67,72,65,1,52.7,Bad
7.0,95,16,1,67,46,41,5,83.0,Good
7.1,79,16,1,95,16,65,4,52.4,Bad
7.9,60,19,3,100,51,30,4,83.2,Bad
5.4,77,28,3,88,1,44,2,74.7,Bad
6.5,87,20,3,146,24,32,7,76.0,Bad
7.7,77,4,1,92,22,4,3,55.4,Bad
6.1,84,4,2,128,20,0,1,71.4,Bad
7.6,77,35,3,132,18,48,6,51.8,Bad
8.3,94,15,1,133,4,20,6,74.1,Bad
7.9,87,10,1,115,33,50,1,75.8,Good
9.3,100,15,1,44,32,9,4,57.8,Good
5.9,85,17,0,95,9,39,7,69.6,Bad
5.9,78,22,1,90,17,54,1,52.5,Bad
??,,-5,,5000,??,999,-1,9999,
7.4,77,21,1,108,17,36,2,38.5,Bad
6.9,89,20,1,1,5,56,7,78.3,Bad
??,N/A,-5,,5000,none,tv,high,unknown,meh
6.2,90,18,1,31,56,70,3,78.4,Bad
-3,-10,?,-1,a lot,1000,tv,11,9999,Bad
6.8,94,18,1,175,4,52,5,53.7,Good
6.4,89,7,0,135,46,26,4,63.8,Bad
,-10,3000,100,coffee,none,,stressed,,
5.0,100,31,2,95,40,53,3,40.8,Bad
??,high,-5,-1,-20,??,endless,,-50,?
seven,-10,,,a lot,,tv,stressed,low,Good
??,200,-5,100,a lot,-10,endless,stressed,9999,meh
6.8,81,20,1,114,18,45,5,61.9,Bad
-3,,,-1,-20,,,-1,unknown,?
6.4,86,20,2,162,17,24,1,66.5,Bad
6.8,80,14,0,142,49,74,4,68.7,Bad
8.1,81,7,1,78,32,49,4,60.0,Bad
7.0,77,22,3,22,54,20,7,66.3,Bad
8.5,73,34,1,71,34,25,3,65.1,Bad
6.4,83,46,1,24,35,54,6,61.5,Bad
,N/A,,none,-20,,endless,11,,?
9.0,70,15,2,106,38,63,3,60.9,Bad
4.9,96,6,4,88,46,54,3,35.1,Bad
-3,,?,three,-20,-10,tv,11,,?
5.9,88,37,4,135,6,53,8,44.8,Bad
6.3,93,22,3,50,50,63,3,43.8,Bad
5.4,63,13,1,108,32,47,1,72.0,Bad
??,,late,none,5000,1000,,stressed,-50,meh
7.4,83,42,1,127,14,40,2,91.6,Bad
9.7,78,4,1,5,22,53,4,66.4,Bad
5.7,81,12,1,166,47,81,3,70.7,Bad
4.3,75,16,1,91,63,42,2,59.4,Bad
4.4,88,17,2,147,0,37,4,85.1,Bad
7.5,67,25,2,90,0,38,7,65.4,Bad
8.8,80,25,2,91,28,45,5,63.5,Bad
6.7,85,22,0,77,3,25,6,50.1,Bad
6.3,87,38,0,119,38,73,5,37.5,Bad
5.1,80,35,0,142,46,69,6,58.7,Bad
8.9,80,21,0,141,13,32,2,44.0,Bad
7.6,87,12,1,158,22,27,2,71.0,Good
7.9,84,20,0,0,32,54,3,76.3,Bad
7.3,82,20,5,83,10,24,1,36.0,Bad
9.0,93,19,0,173,77,65,3,83.7,Good
6.1,71,16,4,121,51,48,4,59.0,Bad
5.8,77,16,2,70,41,33,3,46.1,Bad
7.8,90,15,3,114,64,0,4,55.1,Bad
5.8,92,6,3,20,26,35,4,33.8,Bad
7.8,91,16,1,49,42,63,3,42.7,Good
9.6,91,0,1,109,14,42,5,73.0,Good
8.8.8,200,,,coffee,-10,endless,11,low,Bad
6.6,86,5,1,129,56,27,5,33.7,Good
,-10,,,,??,-30,high,unknown,
6.4,81,22,1,91,36,50,5,47.8,Bad
6.6,97,26,2,80,40,20,1,20.0,Good
6.9,89,15,0,92,21,82,5,40.0,Good
5.5,86,11,1,125,43,61,2,66.3,Bad
5.2,82,32,1,23,10,29,3,39.5,Bad
7.5,91,14,2,82,77,61,6,52.4,Bad
7.4,91,9,2,92,70,45,3,54.6,Good
7.1,83,29,1,210,28,96,2,84.6,Bad
7.0,85,29,0,74,1,55,1,79.2,Good
8.3,83,29,1,143,0,85,3,86.7,Bad
8.4,97,18,0,66,36,38,3,52.1,Good
8.7,81,25,2,75,47,28,1,62.2,Bad
6.3,100,18,4,110,49,51,3,61.0,Bad
6.0,70,22,0,180,43,42,6,68.0,Bad
5.2,96,17,0,155,41,31,5,48.4,Bad
5.0,79,28,0,108,59,72,2,65.9,Bad
-3,200,late,three,-20,??,999,,unknown,Bad
,high,,-1,5000,??,-30,stressed,,Good
,N/A,?,,5000,??,tv,,-50,meh
??,N/A,,100,5000,,999,,,Bad
6.8,80,13,3,138,0,24,4,61.3,Bad
5.4,92,9,1,62,49,55,5,67.8,Bad
7.2,86,19,0,139,31,66,1,82.9,Good
6.0,76,25,1,161,0,33,3,46.4,Bad
6.1,82,3,1,95,33,72,5,36.4,Bad
6.3,88,32,1,77,32,85,4,59.7,Bad
6.1,91,18,1,120,44,37,7,54.0,Bad
6.0,83,4,2,82,24,69,2,62.8,Bad
6.3,73,39,0,101,40,69,5,50.7,Bad
seven,,?,-1,coffee,-10,tv,stressed,-50,meh
7.3,100,23,2,119,25,73,4,55.5,Good
6.7,89,24,3,35,44,30,5,51.6,Bad
6.5,82,19,0,95,0,47,4,62.0,Bad
7.5,85,17,2,70,31,30,7,75.6,Bad
6.2,80,14,2,107,17,45,5,44.5,Bad
8.8,87,22,2,79,42,48,3,62.9,Good
7.4,84,11,3,141,10,71,5,51.7,Bad
5.2,97,18,2,161,6,68,3,63.0,Bad
7.4,98,1,2,105,12,50,4,27.6,Good
7.6,60,10,0,181,57,21,1,52.2,Bad
7.6,85,17,1,67,36,25,4,81.2,Good
7.6,87,22,1,117,35,30,7,67.1,Bad
,200,3000,100,5000,1000,-30,stressed,-50,?
4.8,95,20,2,36,44,55,5,95.9,Bad
6.3,100,19,0,47,25,52,1,76.4,Bad
7.3,98,10,1,86,7,24,4,72.1,Good
7.5,79,28,0,100,5,58,4,46.8,Bad
6.8,66,14,0,104,0,59,5,79.3,Bad
6.7,86,29,1,62,49,17,5,70.2,Good
5.8,98,29,4,69,41,67,5,69.8,Bad
7.6,76,41,0,128,42,7,4,73.2,Bad
8.8.8,-10,3000,none,5000,,tv,high,unknown,?
8.0,83,15,0,92,1,36,4,70.2,Bad
7.3,95,9,2,149,13,64,5,56.7,Good
9.0,88,25,0,170,43,62,3,47.1,Good
8.8.8,-10,3000,-1,5000,1000,,-1,,Bad
6.3,77,29,2,31,20,55,6,57.8,Bad
??,-10,?,none,-20,??,999,-1,9999,Bad
7.1,86,13,2,84,38,42,1,60.3,Good
8.8.8,200,3000,three,-20,,999,11,,?
7.3,86,21,2,129,0,62,1,71.0,Good
5.2,88,37,1,100,34,58,1,85.5,Bad
8.8.8,-10,?,three,-20,-10,999,,-50,Good
6.9,90,19,2,177,17,56,4,65.4,Good
6.9,90,13,0,97,36,80,1,60.8,Good
7.9,100,22,0,69,60,57,5,53.5,Good
9.0,95,36,1,65,24,46,4,59.4,Good
6.8,69,15,0,85,0,35,2,75.8,Bad
6.3,81,22,2,116,0,19,5,45.7,Bad
6.5,83,19,0,81,0,37,3,63.4,Bad
,200,3000,-1,5000,??,999,-1,low,Bad
seven,N/A,3000,100,5000,??,999,11,unknown,
7.1,78,24,1,0,24,34,5,32.1,Bad
8.1,74,28,0,40,31,74,2,53.0,Bad
7.3,94,5,1,11,0,70,2,98.4,Good
6.8,84,20,2,112,6,67,4,68.0,Bad
6.2,92,31,2,196,22,47,1,66.1,Bad
8.8.8,,?,100,,-10,,11,low,Good
seven,high,,three,a lot,,999,high,-50,
7.4,81,7,1,178,42,40,3,32.5,Bad
7.0,93,13,0,100,0,79,3,64.3,Good
9.8,92,26,2,128,45,50,4,59.1,Good
7.0,81,26,0,38,11,75,2,55.2,Bad
7.9,89,10,2,97,78,44,5,86.7,Good
6.4,96,21,2,57,7,58,4,55.4,Bad
6.9,76,32,0,96,54,35,3,77.3,Bad
8.8,71,2,2,3,37,56,3,59.1,Bad
7.4,83,27,2,125,39,66,2,65.2,Bad
6.5,87,7,0,62,53,47,4,68.3,Good
8.3,77,4,0,86,31,19,5,52.6,Bad
5.8,63,13,1,33,62,65,2,93.8,Bad
6.8,78,4,0,154,7,21,5,80.3,Bad
7.7,79,14,3,69,46,45,6,37.3,Bad
7.4,91,17,1,53,31,48,1,71.9,Good
6.6,81,29,2,66,23,60,1,66.4,Bad
8.0,72,22,1,165,35,60,1,40.2,Bad
8.4,91,15,4,140,29,16,3,85.6,Bad
7.4,88,19,0,74,29,42,4,81.5,Good
-3,200,-5,100,coffee,-10,endless,high,-50,?
6.8,98,0,0,176,25,20,4,65.6,Good
6.4,88,12,3,137,31,70,2,71.2,Bad
5.2,97,23,2,62,33,68,6,62.5,Bad
9.0,79,4,1,140,24,43,5,49.7,Bad
5.6,91,10,2,139,38,63,2,62.2,Bad
8.8.8,200,,none,coffee,-10,tv,11,,?
5.9,85,24,0,174,20,35,4,50.6,Bad
7.9,56,31,0,13,37,43,5,41.3,Bad
8.8.8,-10,late,,-20,,endless,,,Bad
7.1,65,17,2,117,25,36,5,77.4,Bad
7.6,93,38,1,62,24,73,5,67.3,Good
8.4,100,4,0,103,17,33,2,77.8,Good
??,,,none,,??,tv,high,,meh
4.6,84,20,1,32,8,42,2,64.8,Bad
5.7,68,11,1,66,48,19,4,65.9,Bad
6.2,95,8,3,31,51,2,1,60.2,Bad
9.0,100,27,1,189,15,59,1,71.4,Good
9.0,79,25,1,181,18,24,2,41.6,Bad
7.1,83,20,1,130,59,45,3,61.2,Bad
5.5,91,26,0,119,35,65,3,44.6,Bad
7.4,94,13,1,123,46,26,6,53.7,Bad
8.3,75,16,2,112,51,64,5,58.9,Bad
8.2,65,16,2,110,25,73,2,37.2,Bad
8.8.8,200,3000,three,5000,??,-30,high,-50,meh
7.1,90,38,2,75,69,90,1,55.0,Good
7.4,71,24,1,98,15,28,4,77.2,Bad
??,200,-5,-1,-20,,tv,-1,,meh
5.0,62,21,2,155,19,43,4,62.9,Bad
6.9,80,14,1,116,21,22,3,78.9,Bad
6.2,93,25,3,64,16,68,7,53.4,Bad
5.6,88,34,5,25,52,75,3,97.5,Bad
5.4,84,19,2,148,35,34,2,51.2,Bad
8.9,73,39,0,61,38,47,3,42.1,Bad
,-10,-5,-1,a lot,1000,,-1,-50,Bad
4.9,87,28,3,86,46,24,1,29.5,Bad
7.4,100,13,2,53,28,55,5,59.1,Good
seven,200,-5,100,5000,none,endless,stressed,-50,
7.2,94,25,4,56,26,47,4,61.3,Bad
7.2,82,18,0,137,0,48,6,37.9,Bad
6.3,75,0,1,147,21,30,2,27.9,Bad
seven,high,,100,-20,-10,999,high,unknown,Bad
5.8,82,34,0,143,51,9,1,29.4,Bad
6.2,85,17,1,83,42,61,1,47.8,Bad
-3,200,late,three,coffee,??,,11,low,
8.4,82,16,1,125,41,58,1,48.6,Bad
??,high,3000,-1,5000,-10,endless,-1,9999,
6.7,92,24,1,113,27,54,3,57.3,Good
8.0,90,20,3,25,0,46,7,69.4,Bad
seven,200,,,,none,999,-1,9999,Bad
6.3,86,35,3,200,45,33,2,59.9,Bad
6.6,84,9,0,74,32,55,2,77.0,Bad
7.0,70,10,0,109,53,40,2,36.3,Bad
-3,200,3000,three,,none,,11,low,Good
6.1,90,21,4,94,33,63,1,66.0,Bad
7.2,100,24,2,97,51,48,7,69.3,Bad
8.2,80,12,0,62,34,18,2,35.0,Bad
seven,,,100,coffee,none,endless,11,9999,Bad
8.3,95,6,0,143,54,78,5,46.8,Good
5.2,81,28,2,128,66,45,3,64.0,Bad
9.4,84,11,4,46,57,18,1,57.8,Bad
8.3,85,14,1,150,54,67,2,54.0,Good
6.0,84,20,1,123,0,32,3,69.5,Bad
7.6,71,21,2,128,25,25,3,76.3,Bad
8.1,73,12,6,103,30,61,4,44.6,Bad
,200,late,three,,-10,999,-1,9999,
??,N/A,-5,none,5000,-10,tv,high,low,
8.9,81,33,2,39,8,38,6,62.1,Bad
7.6,69,30,2,76,53,34,1,50.4,Bad
6.4,74,19,3,87,22,39,3,62.8,Bad
5.5,84,15,2,200,30,30,3,80.6,Bad
6.2,84,15,0,18,42,13,4,61.5,Bad
3.9,86,24,2,120,10,53,4,75.8,Bad
8.7,58,0,1,37,35,39,3,67.9,Bad
5.3,70,12,2,89,23,44,2,59.3,Bad
6.2,88,9,1,44,0,55,6,53.0,Bad
7.4,94,23,2,19,21,60,1,41.1,Good
8.8.8,200,,three,5000,none,-30,11,-50,meh
6.0,96,17,2,61,35,48,5,57.9,Bad
7.3,92,1,1,115,40,46,2,60.1,Good
6.2,77,13,1,19,4,20,3,64.1,Bad
8.7,80,27,0,4,22,53,3,73.0,Bad
9.7,80,24,2,128,41,28,3,52.6,Bad
7.3,75,43,0,83,29,16,3,67.8,Bad
6.8,80,26,2,147,21,27,2,58.0,Bad
4.4,79,14,2,123,32,57,2,60.9,Bad
6.4,88,43,1,64,37,50,6,23.6,Bad
5.9,87,29,3,125,16,8,5,80.6,Bad
seven,high,,,-20,,endless,11,low,
10.7,96,18,1,52,14,16,2,43.8,Good
6.6,93,32,0,77,45,26,5,80.3,Good
7.0,89,31,1,27,7,54,5,55.6,Good
7.0,82,5,0,78,39,41,4,29.7,Bad
9.3,100,42,1,92,59,21,4,43.5,Good
8.2,77,9,0,84,38,45,1,40.3,Bad
6.5,78,33,1,34,30,47,3,56.4,Bad
6.7,90,8,0,146,19,23,6,56.1,Bad
7.1,78,29,1,112,33,72,4,48.1,Bad
7.1,88,15,1,19,33,45,5,51.3,Good
9.6,78,27,2,114,6,46,4,85.8,Bad
??,high,late,100,a lot,,999,,unknown,Bad
5.8,71,4,2,155,15,63,7,50.1,Bad
6.3,95,21,3,147,22,49,1,52.1,Bad
9.8,88,21,0,84,40,56,1,46.7,Good
6.6,74,12,0,105,53,72,3,21.0,Bad
6.7,88,29,2,59,19,44,4,43.0,Good
8.5,84,29,1,81,61,39,3,55.5,Bad
6.4,70,11,0,43,42,10,1,48.8,Bad
7.5,100,12,0,37,33,61,2,25.1,Good
5.0,79,16,1,183,24,0,1,60.5,Bad
8.6,67,27,2,29,34,43,2,66.0,Bad
5.8,85,21,3,46,35,34,2,42.0,Bad
,200,,three,5000,1000,,stressed,-50,?
??,high,late,none,a lot,1000,,high,unknown,meh
8.8.8,high,-5,none,a lot,-10,endless,-1,9999,Good
8.8.8,N/A,,,-20,-10,,-1,low,meh
6.6,82,33,2,127,59,80,5,68.9,Bad
,N/A,?,-1,5000,-10,-30,,9999,?
5.8,94,10,0,88,10,56,7,63.3,Bad
5.8,85,24,0,134,37,81,3,47.6,Bad
5.5,85,17,1,151,6,90,3,60.1,Bad
6.1,90,14,2,38,62,40,5,64.7,Bad
7.7,86,30,3,64,37,28,5,84.3,Bad
seven,-10,3000,100,a lot,,,high,-50,Bad
6.3,89,10,3,115,27,40,2,47.6,Bad
6.4,83,12,0,43,7,50,6,45.0,Bad
8.3,96,17,1,97,41,43,6,55.0,Bad
7.3,97,10,1,66,48,54,6,42.3,Bad
4.1,80,30,3,21,34,23,2,45.5,Bad
6.4,99,7,0,140,40,24,4,62.5,Bad
8.8.8,high,3000,,5000,-10,,-1,9999,?
7.3,82,25,1,76,32,83,1,49.8,Bad
6.5,83,25,3,92,60,35,3,52.1,Bad
7.0,78,0,1,66,35,21,5,70.7,Bad
8.5,92,24,1,104,23,54,4,74.8,Good
-3,200,?,100,5000,none,999,-1,9999,
-3,-10,3000,three,a lot,-10,endless,,low,meh
-3,200,late,-1,,,-30,stressed,,Bad
6.4,90,4,1,14,18,66,2,84.0,Bad
7.6,86,23,2,124,35,58,2,62.3,Good
7.6,87,14,1,66,29,68,5,54.4,Good
6.2,89,17,1,113,2,30,1,55.4,Bad
9.6,78,36,1,119,26,28,5,76.1,Bad
seven,N/A,,three,,none,-30,,-50,Good
8.1,81,19,1,145,8,23,2,52.6,Bad
8.4,80,1,0,130,4,15,3,50.7,Bad
5.9,72,30,1,138,42,61,3,50.6,Bad
8.0,90,17,0,81,16,4,5,78.9,Good
7.6,82,14,2,78,52,60,5,46.4,Bad
8.5,82,21,0,48,8,16,7,47.3,Bad
seven,-10,3000,-1,a lot,,endless,11,,
8.7,85,14,1,85,15,40,1,87.3,Good
7.0,90,19,1,37,57,68,4,42.0,Good
9.6,100,12,2,0,24,13,2,69.8,Good
-3,high,3000,100,-20,,-30,11,unknown,?
7.8,72,20,2,113,30,65,8,40.6,Bad
,,-5,100,a lot,,tv,high,unknown,
7.2,83,20,0,117,0,56,8,70.8,Bad
10.2,90,21,3,123,18,61,3,44.0,Bad
7.2,93,26,1,129,22,65,6,70.7,Bad
6.4,82,8,3,82,25,48,8,55.5,Bad
5.7,91,11,0,82,47,53,4,65.8,Bad
8.1,90,27,1,125,46,60,6,70.6,Bad
seven,N/A,?,none,coffee,,999,-1,,meh
7.2,100,17,5,102,35,22,1,88.3,Bad
-3,,?,100,-20,,,high,9999,Good
8.7,100,3,0,48,7,37,2,70.1,Good
7.5,83,22,1,70,58,63,5,78.5,Bad
7.5,89,5,3,110,26,32,4,71.5,Bad
7.1,79,14,1,149,44,72,7,67.8,Bad
6.2,98,16,5,6,45,25,4,63.9,Bad
9.5,98,39,0,38,0,46,2,36.6,Good
4.8,78,1,3,158,24,20,2,53.5,Bad
,-10,late,-1,,??,endless,-1,low,
,200,?,none,-20,-10,-30,11,,Good
??,-10,3000,none,5000,none,endless,,unknown,?
8.7,79,11,1,123,34,14,7,86.9,Bad
seven,high,3000,-1,coffee,1000,-30,stressed,unknown,meh
7.1,57,22,3,124,0,34,2,59.5,Bad
9.0,74,13,1,53,0,80,1,47.8,Bad
8.8.8,high,3000,100,5000,-10,endless,stressed,,Bad
8.5,74,12,2,151,48,66,6,84.1,Bad
7.7,74,19,0,91,36,48,1,53.4,Bad
8.8.8,high,late,100,coffee,,-30,stressed,,
6.1,78,10,0,58,64,38,7,75.0,Bad
6.0,85,0,2,143,24,32,3,64.1,Bad
8.8,90,14,2,7,10,17,1,66.2,Good
,N/A,,-1,,none,-30,-1,-50,meh
7.5,75,21,1,94,30,56,4,50.2,Bad
7.3,70,27,0,172,53,32,3,60.2,Bad
7.6,97,29,1,104,8,28,7,66.0,Bad
5.6,97,42,1,100,49,32,3,65.1,Bad
7.0,77,4,2,145,2,40,1,33.0,Bad
6.5,87,11,0,115,33,71,5,53.8,Good
9.0,80,20,2,95,19,50,4,56.5,Bad
7.8,89,2,2,66,20,22,6,34.2,Bad
seven,N/A,3000,none,coffee,??,endless,-1,unknown,Bad
7.4,89,36,2,122,50,56,5,69.5,Good
??,N/A,3000,none,coffee,,,11,unknown,Bad
4.8,80,32,3,40,16,44,1,86.6,Bad
8.0,86,17,2,169,26,17,4,57.4,Good
seven,,?,three,coffee,none,tv,high,unknown,Bad
6.1,85,21,4,63,33,18,3,62.0,Bad
6.2,74,26,1,97,10,37,1,71.7,Bad
9.2,76,22,2,60,42,53,3,58.1,Bad
6.0,97,30,3,129,62,66,2,65.4,Bad
6.6,93,26,0,167,34,34,3,63.5,Good
5.5,99,19,1,155,36,54,5,66.7,Bad
8.8.8,N/A,late,three,5000,none,endless,stressed,low,
seven,200,3000,,a lot,-10,999,11,9999,Good
7.3,63,30,2,92,34,33,1,86.2,Bad
7.6,85,42,2,120,47,48,8,47.9,Bad
6.1,82,0,1,54,14,20,1,51.1,Bad
seven,-10,?,three,,none,tv,stressed,-50,meh
8.4,100,25,0,116,13,56,4,64.6,Good
6.0,65,19,2,175,18,58,4,36.9,Bad
8.8.8,N/A,3000,none,5000,-10,endless,-1,-50,
4.8,87,23,2,168,31,62,4,47.3,Bad
6.5,64,9,1,195,50,19,4,74.1,Bad
8.3,74,21,1,64,18,52,7,59.0,Bad
8.8.8,high,-5,100,coffee,,,high,-50,?
6.7,97,9,0,56,26,35,1,71.2,Good
5.5,92,29,3,136,6,29,5,77.0,Bad
??,N/A,3000,three,-20,-10,endless,-1,-50,Good
5.8,84,0,1,203,6,44,6,47.1,Bad
6.6,93,8,0,157,2,56,2,57.1,Good
7.0,81,19,0,0,30,84,3,83.8,Bad
8.8.8,N/A,?,three,coffee,-10,999,11,-50,meh
4.4,98,17,2,115,30,54,3,32.5,Bad
,-10,-5,-1,coffee,??,,-1,-50,?
8.5,93,30,2,31,23,57,2,57.6,Good
5.3,82,5,0,29,20,74,4,64.5,Bad
7.2,100,12,2,190,33,70,3,77.5,Good
9.5,87,10,4,51,33,92,1,70.2,Bad
5.9,89,6,2,191,28,39,4,43.5,Bad
6.4,98,16,0,119,18,22,8,63.3,Bad
5.3,79,26,3,152,12,18,5,54.8,Bad
??,,-5,100,5000,??,endless,,-50,meh
4.5,88,5,1,104,27,28,2,89.0,Bad
7.3,84,16,1,123,21,68,5,69.0,Bad
9.0,79,36,1,79,2,53,5,40.3,Bad
,high,-5,-1,,??,tv,stressed,,
8.8.8,,?,100,a lot,none,tv,high,9999,
seven,N/A,,100,coffee,1000,,high,low,Good
7.5,79,33,1,71,22,38,4,72.9,Bad
8.8.8,N/A,,-1,5000,-10,-30,-1,-50,?
seven,-10,late,three,-20,??,,high,,?
5.9,79,14,0,86,26,26,3,65.2,Bad
6.4,91,9,1,185,45,33,5,41.6,Bad
7.8,78,36,0,4,28,34,4,61.0,Bad
seven,,3000,three,5000,??,endless,,,Bad
seven,high,3000,100,-20,none,tv,11,unknown,
7.1,89,16,1,108,42,48,2,63.4,Good
,-10,?,-1,-20,??,endless,11,unknown,
5.7,75,30,1,113,41,51,4,40.1,Bad
8.1,86,18,3,89,40,34,2,59.8,Bad
7.4,84,2,1,117,25,60,2,61.0,Bad
??,,late,three,,none,endless,11,-50,
5.5,79,19,1,114,20,44,5,60.1,Bad
8.4,77,19,2,188,39,55,1,73.9,Bad
7.0,95,23,1,173,31,23,5,94.9,Good
7.9,91,29,1,99,46,53,2,51.9,Good
5.6,83,19,2,34,66,67,3,43.4,Bad
4.9,74,22,2,104,0,34,5,41.2,Bad
6.7,99,21,2,83,22,30,4,50.6,Good
,,late,none,5000,??,-30,stressed,low,Bad
7.1,76,17,1,138,33,53,5,57.4,Bad
7.0,100,3,2,152,10,65,7,63.7,Bad
6.9,88,12,3,109,59,53,5,56.4,Bad
8.8.8,200,?,100,coffee,1000,999,-1,unknown,meh
7.3,57,15,1,84,7,50,9,35.8,Bad
seven,,-5,100,-20,??,999,11,9999,Bad
7.4,97,16,0,118,28,44,5,60.8,Good
8.5,76,25,4,109,39,55,4,46.3,Bad
7.3,65,16,2,0,10,63,2,54.4,Bad
6.8,80,7,3,101,11,40,3,74.4,Bad
5.8,74,0,1,39,26,28,8,50.0,Bad
7.2,90,25,0,140,11,63,1,78.3,Good
5.4,76,8,1,106,41,62,5,71.3,Bad
8.1,79,21,1,69,13,0,2,55.4,Bad
6.9,67,19,2,58,6,0,5,84.6,Bad
5.7,90,31,1,135,49,29,1,82.5,Bad
9.0,98,9,0,87,15,31,2,77.2,Good
7.0,74,27,0,74,0,22,3,20.4,Bad
,high,?,,-20,,,high,low,Good
6.9,76,23,0,9,49,57,1,90.6,Bad
8.6,96,18,5,149,42,37,3,66.8,Bad
7.0,100,26,1,89,16,23,4,70.7,Good
-3,N/A,late,,,1000,endless,,9999,meh
8.8.8,200,,none,a lot,-10,-30,stressed,9999,Bad
5.8,100,8,1,84,33,60,1,76.7,Bad
5.9,100,25,1,151,8,62,4,68.3,Bad
7.9,82,26,2,76,0,60,3,66.3,Bad
9.3,87,29,0,54,27,34,1,43.8,Good
??,high,-5,-1,5000,,tv,,-50,
6.7,73,18,2,131,29,49,3,65.3,Bad
8.2,86,35,0,220,8,15,2,77.9,Good
6.2,77,15,2,52,22,55,4,59.5,Bad
8.8.8,,-5,none,a lot,1000,-30,11,unknown,Bad
6.2,82,20,1,135,73,22,5,60.5,Bad
6.1,87,21,2,112,8,53,3,74.8,Bad
7.3,95,21,3,101,39,17,4,28.5,Bad
7.0,70,17,1,97,82,22,6,75.0,Bad
7.0,70,13,2,11,0,32,5,50.5,Bad
8.8.8,N/A,late,-1,,1000,endless,stressed,9999,meh
7.0,96,21,1,107,36,10,1,71.1,Good
7.3,88,33,2,108,22,15,4,63.9,Good
6.0,88,25,1,89,0,6,5,62.2,Bad
7.5,88,14,2,93,15,70,1,67.3,Good
7.6,86,15,0,11,30,6,3,49.7,Good
5.8,85,10,1,112,10,58,5,56.5,Bad
7.4,79,1,1,113,2,84,5,61.6,Bad
seven,N/A,?,100,,??,endless,-1,,meh
7.2,75,33,1,96,39,47,6,65.8,Bad
6.5,92,17,2,87,18,35,4,57.4,Good
6.8,83,11,2,32,28,36,2,69.1,Bad
??,200,late,three,coffee,-10,-30,11,-50,Bad
7.4,100,1,1,98,42,47,3,40.5,Good
,N/A,-5,-1,a lot,1000,999,,-50,?
7.1,86,31,2,158,12,30,6,81.5,Bad
7.4,82,28,2,0,33,56,2,54.0,Bad
8.4,87,23,0,114,14,53,6,26.7,Bad
8.3,100,34,1,127,18,49,1,56.8,Good
7.7,80,15,0,72,18,55,6,53.9,Bad
7.5,79,15,1,106,55,32,3,78.6,Bad
6.8,93,12,0,77,69,17,5,82.3,Good
6.1,85,13,4,132,52,34,5,34.1,Bad
6.9,86,21,2,59,46,22,5,83.1,Good
